day,acc_Markov,acc_XGBoost,acc_Logistic,acc_LSTM,acc_Ensemble,ens_group,actual
1,16.666666666666664,33.33333333333333,33.33333333333333,33.33333333333333,16.666666666666664,"[20, 24, 19, 7, 13, 52]","[5, 7, 17, 22, 32, 33]"
2,0.0,16.666666666666664,16.666666666666664,16.666666666666664,16.666666666666664,"[34, 6, 31, 3, 27, 17]","[3, 15, 18, 25, 26, 29]"
3,0.0,16.666666666666664,50.0,16.666666666666664,33.33333333333333,"[48, 1, 54, 17, 13, 4]","[9, 13, 17, 18, 46, 50]"
4,33.33333333333333,16.666666666666664,16.666666666666664,33.33333333333333,16.666666666666664,"[2, 27, 12, 21, 39, 29]","[7, 12, 28, 31, 40, 44]"
5,16.666666666666664,16.666666666666664,33.33333333333333,16.666666666666664,16.666666666666664,"[23, 41, 14, 45, 36, 9]","[24, 25, 26, 29, 36, 48]"
6,33.33333333333333,16.666666666666664,16.666666666666664,33.33333333333333,16.666666666666664,"[53, 43, 32, 23, 17, 25]","[4, 5, 8, 17, 35, 47]"
7,16.666666666666664,33.33333333333333,16.666666666666664,33.33333333333333,33.33333333333333,"[10, 53, 49, 27, 24, 35]","[33, 35, 45, 52, 53, 55]"
8,33.33333333333333,16.666666666666664,16.666666666666664,50.0,16.666666666666664,"[23, 54, 13, 12, 16, 50]","[13, 31, 38, 45, 53, 55]"
9,16.666666666666664,16.666666666666664,33.33333333333333,33.33333333333333,33.33333333333333,"[41, 27, 10, 37, 48, 3]","[3, 6, 29, 37, 44, 49]"
10,33.33333333333333,33.33333333333333,16.666666666666664,16.666666666666664,16.666666666666664,"[40, 32, 11, 7, 38, 29]","[1, 9, 26, 38, 54, 55]"
11,33.33333333333333,33.33333333333333,16.666666666666664,16.666666666666664,33.33333333333333,"[39, 14, 9, 55, 8, 4]","[2, 6, 8, 34, 39, 43]"
12,33.33333333333333,33.33333333333333,33.33333333333333,16.666666666666664,16.666666666666664,"[40, 42, 43, 25, 46, 15]","[3, 16, 23, 24, 38, 42]"
13,16.666666666666664,33.33333333333333,33.33333333333333,16.666666666666664,16.666666666666664,"[50, 52, 31, 37, 53, 2]","[16, 32, 33, 37, 40, 48]"
14,33.33333333333333,16.666666666666664,33.33333333333333,16.666666666666664,16.666666666666664,"[18, 35, 39, 8, 54, 38]","[23, 27, 33, 37, 39, 49]"
15,33.33333333333333,16.666666666666664,16.666666666666664,16.666666666666664,33.33333333333333,"[25, 21, 7, 4, 34, 39]","[1, 7, 20, 23, 25, 38]"
16,16.666666666666664,16.666666666666664,50.0,33.33333333333333,50.0,"[12, 28, 22, 29, 43, 16]","[12, 19, 22, 29, 32, 46]"
17,33.33333333333333,16.666666666666664,33.33333333333333,16.666666666666664,16.666666666666664,"[36, 40, 10, 28, 1, 22]","[23, 26, 29, 31, 36, 54]"
18,33.33333333333333,16.666666666666664,16.666666666666664,16.666666666666664,33.33333333333333,"[34, 15, 24, 55, 40, 32]","[17, 18, 24, 40, 41, 46]"
19,33.33333333333333,16.666666666666664,33.33333333333333,50.0,33.33333333333333,"[6, 44, 15, 35, 16, 41]","[16, 18, 41, 43, 46, 55]"
20,16.666666666666664,50.0,33.33333333333333,33.33333333333333,16.666666666666664,"[33, 14, 35, 1, 36, 40]","[4, 17, 19, 35, 49, 55]"
21,16.666666666666664,16.666666666666664,33.33333333333333,50.0,33.33333333333333,"[47, 44, 11, 27, 26, 19]","[2, 10, 26, 27, 31, 38]"
22,16.666666666666664,16.666666666666664,16.666666666666664,33.33333333333333,16.666666666666664,"[20, 3, 8, 44, 23, 2]","[2, 10, 14, 26, 45, 54]"
23,16.666666666666664,16.666666666666664,33.33333333333333,16.666666666666664,16.666666666666664,"[42, 20, 48, 26, 23, 18]","[4, 29, 35, 37, 42, 54]"
24,16.666666666666664,16.666666666666664,16.666666666666664,33.33333333333333,16.666666666666664,"[34, 53, 9, 25, 14, 29]","[1, 22, 25, 31, 36, 48]"
25,16.666666666666664,16.666666666666664,33.33333333333333,16.666666666666664,16.666666666666664,"[51, 30, 23, 42, 36, 35]","[12, 24, 33, 34, 36, 53]"
26,33.33333333333333,33.33333333333333,33.33333333333333,16.666666666666664,16.666666666666664,"[47, 52, 32, 39, 11, 19]","[7, 9, 17, 25, 31, 32]"
27,33.33333333333333,33.33333333333333,16.666666666666664,33.33333333333333,33.33333333333333,"[51, 20, 40, 11, 26, 31]","[20, 21, 39, 42, 51, 53]"
28,16.666666666666664,16.666666666666664,16.666666666666664,16.666666666666664,33.33333333333333,"[28, 4, 49, 32, 31, 53]","[3, 7, 31, 43, 51, 53]"
29,33.33333333333333,16.666666666666664,16.666666666666664,33.33333333333333,16.666666666666664,"[5, 10, 29, 24, 33, 34]","[5, 27, 35, 39, 46, 52]"
30,33.33333333333333,16.666666666666664,16.666666666666664,0.0,33.33333333333333,"[30, 54, 21, 22, 1, 9]","[9, 13, 14, 15, 54, 55]"
31,33.33333333333333,33.33333333333333,16.666666666666664,33.33333333333333,16.666666666666664,"[44, 30, 41, 36, 28, 9]","[1, 30, 38, 45, 48, 50]"
32,33.33333333333333,16.666666666666664,33.33333333333333,16.666666666666664,33.33333333333333,"[41, 40, 42, 33, 32, 54]","[1, 8, 24, 33, 34, 41]"
33,16.666666666666664,16.666666666666664,16.666666666666664,33.33333333333333,33.33333333333333,"[49, 23, 43, 36, 50, 33]","[11, 40, 43, 46, 49, 55]"
34,16.666666666666664,33.33333333333333,33.33333333333333,33.33333333333333,16.666666666666664,"[6, 17, 2, 3, 40, 11]","[3, 14, 28, 35, 50, 52]"
35,33.33333333333333,16.666666666666664,33.33333333333333,0.0,33.33333333333333,"[21, 23, 17, 39, 13, 14]","[15, 20, 23, 28, 39, 49]"
36,16.666666666666664,16.666666666666664,33.33333333333333,16.666666666666664,16.666666666666664,"[48, 32, 5, 26, 25, 49]","[1, 2, 17, 46, 47, 49]"
37,16.666666666666664,16.666666666666664,16.666666666666664,16.666666666666664,16.666666666666664,"[48, 16, 11, 5, 51, 41]","[9, 20, 27, 31, 48, 49]"
38,16.666666666666664,50.0,16.666666666666664,33.33333333333333,50.0,"[12, 16, 41, 38, 23, 14]","[14, 17, 18, 23, 41, 52]"
39,16.666666666666664,16.666666666666664,33.33333333333333,33.33333333333333,16.666666666666664,"[54, 22, 26, 21, 19, 31]","[2, 6, 13, 22, 40, 48]"
40,33.33333333333333,16.666666666666664,33.33333333333333,16.666666666666664,33.33333333333333,"[32, 10, 51, 33, 23, 22]","[4, 10, 32, 37, 47, 52]"
41,16.666666666666664,33.33333333333333,16.666666666666664,16.666666666666664,16.666666666666664,"[12, 25, 38, 49, 48, 47]","[4, 5, 7, 17, 20, 38]"
42,33.33333333333333,16.666666666666664,33.33333333333333,33.33333333333333,16.666666666666664,"[29, 12, 45, 54, 16, 6]","[8, 16, 23, 28, 44, 49]"
43,33.33333333333333,33.33333333333333,16.666666666666664,16.666666666666664,16.666666666666664,"[33, 41, 45, 21, 18, 37]","[5, 7, 24, 32, 45, 49]"
44,16.666666666666664,16.666666666666664,33.33333333333333,16.666666666666664,33.33333333333333,"[43, 11, 35, 25, 19, 48]","[11, 14, 32, 36, 42, 48]"
45,16.666666666666664,33.33333333333333,16.666666666666664,33.33333333333333,16.666666666666664,"[21, 31, 5, 42, 48, 14]","[1, 2, 21, 24, 50, 52]"
46,33.33333333333333,16.666666666666664,16.666666666666664,33.33333333333333,50.0,"[22, 33, 43, 51, 13, 28]","[16, 22, 28, 29, 35, 43]"
47,33.33333333333333,33.33333333333333,16.666666666666664,33.33333333333333,16.666666666666664,"[40, 53, 31, 14, 26, 28]","[9, 25, 26, 30, 42, 54]"
48,16.666666666666664,33.33333333333333,33.33333333333333,33.33333333333333,16.666666666666664,"[33, 48, 47, 19, 5, 13]","[8, 10, 19, 25, 36, 46]"
49,33.33333333333333,50.0,33.33333333333333,16.666666666666664,16.666666666666664,"[33, 39, 5, 19, 12, 29]","[21, 22, 29, 37, 41, 50]"
50,16.666666666666664,33.33333333333333,33.33333333333333,33.33333333333333,16.666666666666664,"[14, 15, 3, 52, 1, 10]","[1, 20, 29, 31, 43, 53]"
51,16.666666666666664,16.666666666666664,16.666666666666664,16.666666666666664,33.33333333333333,"[51, 55, 9, 29, 50, 36]","[12, 29, 42, 48, 54, 55]"
52,16.666666666666664,16.666666666666664,33.33333333333333,16.666666666666664,33.33333333333333,"[35, 30, 16, 36, 7, 1]","[1, 7, 8, 9, 39, 43]"
53,33.33333333333333,16.666666666666664,16.666666666666664,16.666666666666664,16.666666666666664,"[6, 33, 34, 4, 19, 39]","[15, 19, 24, 51, 53, 55]"
54,16.666666666666664,33.33333333333333,16.666666666666664,33.33333333333333,33.33333333333333,"[16, 23, 26, 36, 2, 12]","[21, 26, 36, 38, 40, 50]"
55,16.666666666666664,33.33333333333333,33.33333333333333,33.33333333333333,33.33333333333333,"[47, 41, 23, 37, 1, 50]","[1, 10, 30, 44, 45, 50]"
56,16.666666666666664,33.33333333333333,16.666666666666664,33.33333333333333,33.33333333333333,"[22, 41, 11, 54, 26, 15]","[3, 10, 15, 23, 41, 53]"
57,16.666666666666664,16.666666666666664,33.33333333333333,33.33333333333333,33.33333333333333,"[16, 7, 46, 28, 54, 1]","[2, 7, 15, 16, 41, 45]"
58,16.666666666666664,33.33333333333333,16.666666666666664,16.666666666666664,16.666666666666664,"[32, 52, 27, 30, 3, 23]","[12, 24, 28, 30, 36, 39]"
59,33.33333333333333,33.33333333333333,16.666666666666664,33.33333333333333,33.33333333333333,"[8, 52, 27, 22, 42, 50]","[6, 27, 33, 41, 42, 49]"
60,33.33333333333333,0.0,16.666666666666664,16.666666666666664,50.0,"[51, 21, 49, 26, 15, 30]","[3, 21, 25, 26, 51, 55]"
61,33.33333333333333,16.666666666666664,33.33333333333333,16.666666666666664,16.666666666666664,"[22, 40, 11, 18, 30, 26]","[4, 7, 30, 35, 37, 45]"
62,50.0,16.666666666666664,16.666666666666664,33.33333333333333,66.66666666666666,"[31, 18, 46, 28, 2, 25]","[18, 25, 28, 46, 50, 51]"
63,33.33333333333333,16.666666666666664,33.33333333333333,16.666666666666664,33.33333333333333,"[14, 49, 8, 41, 1, 45]","[4, 11, 24, 35, 41, 45]"
64,16.666666666666664,33.33333333333333,33.33333333333333,16.666666666666664,16.666666666666664,"[31, 17, 48, 16, 2, 45]","[1, 7, 31, 35, 46, 55]"
65,33.33333333333333,16.666666666666664,33.33333333333333,33.33333333333333,33.33333333333333,"[34, 14, 47, 27, 50, 31]","[4, 7, 8, 34, 37, 47]"
66,16.666666666666664,16.666666666666664,16.666666666666664,16.666666666666664,16.666666666666664,"[3, 51, 55, 8, 45, 47]","[8, 9, 36, 37, 39, 50]"
67,16.666666666666664,16.666666666666664,16.666666666666664,33.33333333333333,16.666666666666664,"[28, 21, 29, 54, 2, 15]","[7, 18, 26, 29, 31, 35]"
68,33.33333333333333,33.33333333333333,33.33333333333333,16.666666666666664,33.33333333333333,"[53, 21, 13, 42, 41, 25]","[7, 11, 13, 18, 26, 42]"
69,16.666666666666664,16.666666666666664,16.666666666666664,33.33333333333333,33.33333333333333,"[40, 28, 51, 1, 5, 13]","[7, 8, 9, 13, 28, 44]"
70,16.666666666666664,16.666666666666664,16.666666666666664,16.666666666666664,33.33333333333333,"[1, 51, 2, 11, 35, 37]","[22, 23, 27, 35, 37, 46]"
71,16.666666666666664,16.666666666666664,16.666666666666664,50.0,33.33333333333333,"[53, 3, 36, 25, 45, 31]","[2, 3, 20, 25, 38, 44]"
72,16.666666666666664,33.33333333333333,16.666666666666664,33.33333333333333,16.666666666666664,"[41, 48, 21, 50, 20, 31]","[5, 23, 37, 41, 43, 53]"
73,16.666666666666664,16.666666666666664,16.666666666666664,16.666666666666664,33.33333333333333,"[24, 55, 17, 3, 28, 46]","[11, 12, 22, 28, 46, 50]"
74,33.33333333333333,16.666666666666664,16.666666666666664,50.0,16.666666666666664,"[15, 48, 47, 23, 7, 46]","[6, 7, 8, 21, 32, 39]"
75,16.666666666666664,33.33333333333333,33.33333333333333,16.666666666666664,16.666666666666664,"[52, 6, 26, 28, 8, 50]","[5, 34, 35, 42, 49, 52]"
76,16.666666666666664,16.666666666666664,33.33333333333333,33.33333333333333,16.666666666666664,"[31, 30, 44, 8, 20, 42]","[3, 14, 26, 35, 44, 54]"
77,33.33333333333333,16.666666666666664,50.0,0.0,16.666666666666664,"[32, 25, 18, 54, 4, 42]","[27, 38, 40, 42, 46, 55]"
78,33.33333333333333,33.33333333333333,33.33333333333333,16.666666666666664,16.666666666666664,"[49, 21, 3, 38, 37, 55]","[9, 37, 45, 50, 53, 54]"
79,50.0,16.666666666666664,33.33333333333333,16.666666666666664,33.33333333333333,"[20, 49, 12, 55, 53, 7]","[5, 13, 26, 37, 53, 55]"
80,16.666666666666664,16.666666666666664,33.33333333333333,16.666666666666664,16.666666666666664,"[4, 19, 12, 36, 8, 55]","[2, 19, 39, 49, 51, 53]"
81,16.666666666666664,16.666666666666664,33.33333333333333,16.666666666666664,16.666666666666664,"[23, 20, 12, 10, 38, 55]","[2, 9, 16, 46, 52, 55]"
82,16.666666666666664,16.666666666666664,16.666666666666664,33.33333333333333,16.666666666666664,"[31, 4, 44, 3, 45, 38]","[1, 2, 3, 18, 25, 50]"
83,16.666666666666664,33.33333333333333,16.666666666666664,16.666666666666664,16.666666666666664,"[40, 20, 49, 54, 55, 1]","[5, 8, 23, 37, 38, 54]"
84,50.0,16.666666666666664,16.666666666666664,33.33333333333333,16.666666666666664,"[12, 31, 36, 3, 7, 4]","[11, 12, 26, 42, 50, 54]"
85,50.0,16.666666666666664,33.33333333333333,16.666666666666664,16.666666666666664,"[47, 41, 32, 20, 53, 11]","[1, 16, 22, 25, 47, 48]"
86,33.33333333333333,33.33333333333333,33.33333333333333,0.0,33.33333333333333,"[43, 25, 20, 23, 47, 53]","[20, 24, 29, 41, 47, 49]"
87,50.0,16.666666666666664,16.666666666666664,16.666666666666664,16.666666666666664,"[43, 8, 9, 54, 12, 37]","[12, 26, 33, 35, 36, 44]"
88,66.66666666666666,33.33333333333333,33.33333333333333,33.33333333333333,16.666666666666664,"[39, 55, 6, 37, 5, 18]","[2, 3, 6, 23, 34, 36]"
89,33.33333333333333,16.666666666666664,0.0,16.666666666666664,16.666666666666664,"[32, 53, 40, 52, 8, 34]","[19, 32, 36, 37, 42, 54]"
90,16.666666666666664,33.33333333333333,16.666666666666664,50.0,33.33333333333333,"[52, 33, 9, 8, 19, 36]","[2, 8, 12, 44, 46, 52]"
91,0.0,16.666666666666664,16.666666666666664,16.666666666666664,33.33333333333333,"[39, 50, 6, 54, 52, 12]","[3, 9, 12, 21, 51, 52]"
92,33.33333333333333,16.666666666666664,16.666666666666664,33.33333333333333,33.33333333333333,"[33, 47, 17, 46, 52, 9]","[7, 13, 24, 45, 47, 52]"
93,16.666666666666664,16.666666666666664,16.666666666666664,16.666666666666664,16.666666666666664,"[33, 48, 14, 34, 19, 9]","[13, 18, 35, 36, 41, 48]"
94,16.666666666666664,16.666666666666664,33.33333333333333,33.33333333333333,33.33333333333333,"[27, 28, 30, 32, 15, 51]","[2, 10, 15, 30, 34, 50]"
95,16.666666666666664,33.33333333333333,16.666666666666664,33.33333333333333,16.666666666666664,"[33, 44, 22, 55, 14, 35]","[1, 2, 9, 13, 32, 35]"
96,16.666666666666664,16.666666666666664,33.33333333333333,33.33333333333333,16.666666666666664,"[43, 11, 39, 37, 4, 15]","[4, 9, 13, 16, 18, 49]"
97,16.666666666666664,16.666666666666664,16.666666666666664,33.33333333333333,33.33333333333333,"[29, 53, 17, 19, 40, 5]","[6, 15, 17, 24, 40, 45]"
98,16.666666666666664,16.666666666666664,33.33333333333333,33.33333333333333,33.33333333333333,"[31, 36, 54, 28, 10, 4]","[1, 26, 36, 40, 50, 54]"
99,16.666666666666664,33.33333333333333,33.33333333333333,16.666666666666664,16.666666666666664,"[46, 51, 22, 37, 11, 18]","[14, 18, 29, 35, 44, 49]"
100,33.33333333333333,33.33333333333333,33.33333333333333,33.33333333333333,16.666666666666664,"[47, 42, 6, 24, 50, 26]","[5, 8, 11, 31, 37, 42]"
